{
  "k": 5,
  "n": 42,
  "n_answerable": 37,
  "n_unanswerable": 5,
  "recall@k": 1.0,
  "mrr": 0.8373873873873873,
  "correctness": 0.8108108108108109,
  "escalation_correctness": 0.8
}